/*
SQLyog Ultimate v11.52 (64 bit)
MySQL - 5.5.47 : Database - vagrant_catalog
*********************************************************************
*/

/*!40101 SET NAMES utf8 */;

/*!40101 SET SQL_MODE=''*/;

/*!40014 SET @OLD_UNIQUE_CHECKS=@@UNIQUE_CHECKS, UNIQUE_CHECKS=0 */;
/*!40014 SET @OLD_FOREIGN_KEY_CHECKS=@@FOREIGN_KEY_CHECKS, FOREIGN_KEY_CHECKS=0 */;
/*!40101 SET @OLD_SQL_MODE=@@SQL_MODE, SQL_MODE='NO_AUTO_VALUE_ON_ZERO' */;
/*!40111 SET @OLD_SQL_NOTES=@@SQL_NOTES, SQL_NOTES=0 */;
CREATE DATABASE /*!32312 IF NOT EXISTS*/`vagrant_catalog` /*!40100 DEFAULT CHARACTER SET utf8 */;

USE `vagrant_catalog`;

/*Table structure for table `migration` */

DROP TABLE IF EXISTS `migration`;

CREATE TABLE `migration` (
  `version` varchar(180) NOT NULL,
  `apply_time` int(11) DEFAULT NULL,
  PRIMARY KEY (`version`)
) ENGINE=InnoDB DEFAULT CHARSET=utf8;

/*Data for the table `migration` */

insert  into `migration`(`version`,`apply_time`) values ('m000000_000000_base',1452974413),('m160116_195002_create_users_table',1453122390),('m160118_122859_create_products_table',1453122390),('m160118_123409_create_product_images_table',1453222693);

/*Table structure for table `product_images` */

DROP TABLE IF EXISTS `product_images`;

CREATE TABLE `product_images` (
  `id` int(11) NOT NULL AUTO_INCREMENT,
  `product_id` int(11) DEFAULT NULL,
  `tmp_id` varchar(255) DEFAULT NULL,
  `sort` int(11) DEFAULT NULL,
  `file` varchar(255) NOT NULL,
  PRIMARY KEY (`id`),
  KEY `f_product_images` (`product_id`),
  CONSTRAINT `f_product_images` FOREIGN KEY (`product_id`) REFERENCES `products` (`id`) ON DELETE CASCADE
) ENGINE=InnoDB AUTO_INCREMENT=67 DEFAULT CHARSET=utf8;

/*Data for the table `product_images` */

insert  into `product_images`(`id`,`product_id`,`tmp_id`,`sort`,`file`) values (56,2,'1',3,'569f9dc437dea.jpg'),(64,2,'1',2,'569faf1e7cba0.jpg'),(66,2,'1',0,'569fb1e638a3d.png');

/*Table structure for table `products` */

DROP TABLE IF EXISTS `products`;

CREATE TABLE `products` (
  `id` int(11) NOT NULL AUTO_INCREMENT,
  `active` tinyint(1) DEFAULT '1',
  `name` varchar(255) NOT NULL,
  `text_preview` text,
  `text_detail` text,
  `price` decimal(10,2) DEFAULT NULL,
  PRIMARY KEY (`id`)
) ENGINE=InnoDB AUTO_INCREMENT=8 DEFAULT CHARSET=utf8;

/*Data for the table `products` */

insert  into `products`(`id`,`active`,`name`,`text_preview`,`text_detail`,`price`) values (2,1,'asd','asd','<p>asd</p>','123.00'),(3,0,'sdf','sd','<p>sdf</p>','100.00'),(4,1,'ghj','fgh','<p>fgh</p>','32.00'),(5,1,'Шляпа','','<p>Lorem ipsum dolor sit amet, consectetur adipisicing elit, sed do eiusmod tempor incididunt ut labore et dolore magna aliqua. Ut enim ad minim veniam, quis nostrud exercitation ullamco laboris nisi ut aliquip ex ea commodo consequat. Duis aute irure dolor in reprehenderit in voluptate velit esse cillum dolore eu fugiat nulla pariatur. Excepteur sint occaecat cupidatat non proident, sunt in culpa qui officia deserunt mollit anim id est laborum.</p>','10.00'),(6,1,'Шляпа 2','','Lorem ipsum dolor sit amet, consectetur adipisicing elit, sed do eiusmod tempor incididunt ut labore et dolore magna aliqua. Ut enim ad minim veniam, quis nostrud exercitation ullamco laboris nisi ut aliquip ex ea commodo consequat. Duis aute irure dolor in reprehenderit in voluptate velit esse cillum dolore eu fugiat nulla pariatur. Excepteur sint occaecat cupidatat non proident, sunt in culpa qui officia deserunt mollit anim id est laborum.','100.00'),(7,1,'Шляпа 3','','<p>Lorem ipsum dolor sit amet, consectetur adipisicing elit, sed do eiusmod tempor incididunt ut labore et dolore magna aliqua. Ut enim ad minim veniam, quis nostrud exercitation ullamco laboris nisi ut aliquip ex ea commodo consequat. Duis aute irure dolor in reprehenderit in voluptate velit esse cillum dolore eu fugiat nulla pariatur. Excepteur sint occaecat cupidatat non proident, sunt in culpa qui officia deserunt mollit anim id est laborum.</p>',NULL);

/*Table structure for table `tracker_categories` */

DROP TABLE IF EXISTS `tracker_categories`;

CREATE TABLE `tracker_categories` (
  `id` int(10) unsigned NOT NULL AUTO_INCREMENT,
  `name` varchar(255) DEFAULT NULL,
  PRIMARY KEY (`id`)
) ENGINE=InnoDB AUTO_INCREMENT=3 DEFAULT CHARSET=utf8;

/*Data for the table `tracker_categories` */

insert  into `tracker_categories`(`id`,`name`) values (1,'Зарубежные сериалы'),(2,'Игры PC');

/*Table structure for table `tracker_items` */

DROP TABLE IF EXISTS `tracker_items`;

CREATE TABLE `tracker_items` (
  `id` int(10) unsigned NOT NULL AUTO_INCREMENT,
  `name` varchar(255) NOT NULL,
  `url` varchar(255) NOT NULL,
  `date` datetime DEFAULT NULL,
  `category_id` int(11) unsigned DEFAULT NULL,
  `image_src` varchar(255) DEFAULT NULL,
  `magnet_link` varchar(255) DEFAULT NULL,
  `spider_processed` tinyint(1) DEFAULT NULL,
  PRIMARY KEY (`id`),
  KEY `category_id` (`category_id`),
  CONSTRAINT `tracker_items_ibfk_1` FOREIGN KEY (`category_id`) REFERENCES `tracker_categories` (`id`) ON DELETE SET NULL ON UPDATE SET NULL
) ENGINE=InnoDB AUTO_INCREMENT=77 DEFAULT CHARSET=utf8;

/*Data for the table `tracker_items` */

insert  into `tracker_items`(`id`,`name`,`url`,`date`,`category_id`,`image_src`,`magnet_link`,`spider_processed`) values (1,'Американская история ужасов / American Horror Story / Сезон: 6 / Серии: 1-10 из 10 (Брэдли Букер, Майкл Аппендаль, Альфонсо Гомез-Рейон, Майкл Леманн) [2016, США, Ужасы, фэнтези, триллер, драма, WEB-DL 720p] MVO (OmskBird) + Original','http://rutracker.org/forum/viewtopic.php?t=5282925','2016-11-18 14:41:48',1,'http://i85.fastpic.ru/big/2016/0916/25/a7f5d6f545a6c753297ada549dd68825.jpg','magnet:?xt=urn:btih:730DC4DE97BFDEF9F99E0C0DB522124777BFEFF7&tr=http%3A%2F%2Fbt4.t-ru.org%2Fann%3Fmagnet',1),(2,'Элементарно / Elementary / Сезон: 5 / Серии: 1-6 из 24 (Джон Дэвид Коулз, Майкл Куэста, Род Холкомб) [2016, США, Драма, криминал, детектив, WEB-DL 1080p] MVO (LostFilm) + Original','http://rutracker.org/forum/viewtopic.php?t=5292324','2016-11-18 14:18:08',1,'http://i75.fastpic.ru/big/2015/1208/62/da14c20457918982859b12c96ef55862.jpg','magnet:?xt=urn:btih:BA49406AB1FD00ED129520979CFC552C5E1560E5&tr=http%3A%2F%2Fbt2.t-ru.org%2Fann%3Fmagnet',1),(3,'Флэш / The Flash / Сезон: 3 / Серии: 1-6 из 20 (Дэвид Наттер) [2016, США, Фантастика, боевик, драма, приключения, WEB-DL 1080p] MVO (LostFilm) + Original + Eng Subs','http://rutracker.org/forum/viewtopic.php?t=5292730','2016-11-18 14:03:01',1,'http://i83.fastpic.ru/big/2016/1006/c3/81983cbcc829aaea5a1d64c6eff068c3.jpg','magnet:?xt=urn:btih:0E42FD2324D87B69497DCCDBE9DEFEEBBAA94ADB&tr=http%3A%2F%2Fbt.t-ru.org%2Fann%3Fmagnet',1),(4,'Медичи: Правители Флоренции / Medici: Masters of Florence / Сезон: 1 / Серия: 1-6 из 8 (Серджо Мимика-Геззан) [2016, Великобритания, исторический драма, HDTVRip 720p] MVO (Jaskier) + Original','http://rutracker.org/forum/viewtopic.php?t=5305425','2016-11-18 13:58:33',1,'http://s018.radikal.ru/i522/1611/6f/3c359a693c72.png','magnet:?xt=urn:btih:E48F22838A93AE376A7B55E78B450CE97FA06FA4&tr=http%3A%2F%2Fbt4.t-ru.org%2Fann%3Fmagnet',1),(5,'Корона / The Crown / Сезон: 1 / Серии: 1-6 из 13 (Бенжамин Карон, Стивен Долдри, Филип Мартин) [2016, Великобритания, Историческая драма, WEBRip 1080p] MVO (Jaskier) + Original + Subs (Eng,Fre,Ger,Ita,Spa)','http://rutracker.org/forum/viewtopic.php?t=5308606','2016-11-18 12:54:59',1,'http://i83.fastpic.ru/big/2016/1107/5f/177db42987c5eff8d17ef38af676905f.png','magnet:?xt=urn:btih:1371545D32DAB731C4C3109E5FC3176B5B85E6A3&tr=http%3A%2F%2Fbt2.t-ru.org%2Fann%3Fmagnet',1),(6,'Молодой Папа / The Young Pope / Сезон: 1 / Серия: 1-2 из 10 (Паоло Соррентино / Paolo Sorrentino) [2016, Италия, Франция, Испания, Великобритания, США, драма, HDTVRip 720p] MVO (Jaskier) + Original','http://rutracker.org/forum/viewtopic.php?t=5313005','2016-11-18 12:49:44',1,'http://i84.fastpic.ru/big/2016/1118/4f/63196b608396a4034c728e8b420e754f.png','magnet:?xt=urn:btih:A901A7CDC1D56CEE1118090983EB2047600AECBF&tr=http%3A%2F%2Fbt.t-ru.org%2Fann%3Fmagnet',1),(7,'Кости / Bones / Сезон: 11 / Серии: 1-22 из 22 (Стивен ДеПол, Йен Тойнтон, Аллен Крокер) [2015-2016, США, драма, криминал, детектив, WEB-DL 1080p] Dub (ТВ3) + Original','http://rutracker.org/forum/viewtopic.php?t=5312980','2016-11-18 11:49:20',1,'http://i76.fastpic.ru/big/2015/1207/b6/3497807e3bf71998e7b78f8a05d351b6.jpg','magnet:?xt=urn:btih:9DAFF3FFFD6FF949295F03B8A91828469A0866C4&tr=http%3A%2F%2Fbt4.t-ru.org%2Fann%3Fmagnet',1),(8,'Игра престолов / Game of Thrones / Сезон: 6 / Серии: 1-7 из 10 (Джереми Подесва, Марк Майлод) [2016, США, Фэнтези, драма, приключения, BDRemux 1080p] DUB (Amedia) + 5xMVO (LostFilm, AlexFilm, NewStudio, FocusStudio, Omikron) + Original','http://rutracker.org/forum/viewtopic.php?t=5310592','2016-11-18 10:31:45',1,'http://s41.radikal.ru/i091/1611/be/98c77f8ab7a2.jpg','magnet:?xt=urn:btih:F20B0C8DFF31DF3FC194EEF6E9A4CEAB75BE0707&tr=http%3A%2F%2Fbt.t-ru.org%2Fann%3Fmagnet',1),(9,'Слепое пятно / Blindspot / Сезон: 2 / Серии: 1-9 (13) (Марк Пеллингтон) [2016, США, детектив, криминал, драма, WEB-DL 720p] MVO (AlexFilm)','http://rutracker.org/forum/viewtopic.php?t=5282440','2016-11-18 10:30:54',1,'http://i70.fastpic.ru/big/2015/0922/97/adb775df71db5fed79bf7bc107bdc697.png','magnet:?xt=urn:btih:22C9EB7B0919D12A68DFF7DF4276001EDCADEBF2&tr=http%3A%2F%2Fbt2.t-ru.org%2Fann%3Fmagnet',1),(10,'Мир Дикого запада / Западный мир / Westworld / Сезон: 1 / Серия: 1-7 из 10 (Джонатан Нолан, Джонни Кэмпбелл, Ричард Дж. Льюис) [2016, США, фантастика, триллер, вестерн, WEB-DL 720] MVO (Jaskier) + Original','http://rutracker.org/forum/viewtopic.php?t=5291403','2016-11-18 10:04:00',1,'http://s50.radikal.ru/i129/1610/60/6045d74dbd40.png','magnet:?xt=urn:btih:C5E4D36EF609D217C8993B23EBA2AF5941F77EC2&tr=http%3A%2F%2Fbt4.t-ru.org%2Fann%3Fmagnet',1),(11,'Люцифер / Lucifer / Сезон: 2 / Серии: 1-8 из 22 (Нэйтан Хоуп / Nathan Hope) [2016, США, фэнтези, драма, криминал, WEB-DL 1080p] MVO (Lostfilm, Jaskier. Кравец, OmskBird, NewStudio) + Original + Subs (Rus, Eng)','http://rutracker.org/forum/viewtopic.php?t=5286242','2016-11-18 09:52:05',1,'http://i83.fastpic.ru/big/2016/0923/2c/9a82c5e86fb52b403bf9e8347e70872c.jpg','magnet:?xt=urn:btih:21369FE50C46F27541ADC3BC8B34F33247660C06&tr=http%3A%2F%2Fbt4.t-ru.org%2Fann%3Fmagnet',1),(12,'Стрелок / Shooter / Сезон: 1 / Серии: 1 из 12 (Саймон Селлан Джоунс) [2016, США, боевик, драма, WEBRip 720p] MVO (BaibaKo) + Original + Sub Eng','http://rutracker.org/forum/viewtopic.php?t=5312805','2016-11-18 00:33:26',1,'http://i84.fastpic.ru/big/2016/1118/bf/b01a9ae620f5b2b68b13f11bb9fa19bf.png','magnet:?xt=urn:btih:326C0E4FFC4CD441E0445F2EA1510CC06606F357&tr=http%3A%2F%2Fbt4.t-ru.org%2Fann%3Fmagnet',1),(13,'Доктор Шанс / Chance / Сезон: 1 / Серия: 1-6 из 10 (Дэниэл Эттиэс, Леонард Абрахамсон, Майкл Леманн) [2016, США, триллер, драма, детектив, WEBRip 720] MVO (Jaskier) + Original','http://rutracker.org/forum/viewtopic.php?t=5299976','2016-11-18 00:11:59',1,'http://i85.fastpic.ru/big/2016/1027/51/1a8878228798e6ce8e406d89f9b5c351.png','magnet:?xt=urn:btih:D0436E0E64780976235067DFC5D20E9933D4F39B&tr=http%3A%2F%2Fbt3.t-ru.org%2Fann%3Fmagnet',1),(14,'Корона / The Crown / Сезон: 1 / Серия: 1-10 из 10 (Бенжамин Карон, Стивен Долдри, Филип Мартин) [2016, Великобритания, Историческая драма, WEBRip 720p] MVO (Jaskier) + Original','http://rutracker.org/forum/viewtopic.php?t=5308019','2016-11-17 23:07:11',1,'http://i83.fastpic.ru/big/2016/1107/5f/177db42987c5eff8d17ef38af676905f.png','magnet:?xt=urn:btih:B7C92F74BD7F7AE20A57B14E3BF356C2397239EC&tr=http%3A%2F%2Fbt2.t-ru.org%2Fann%3Fmagnet',1),(15,'Бесстыжие / Shameless (US) / Сезон 7 / Серии 1-5 (12) (Кристофер Чулак, Эмми Россам) [2016, США, драма, комедия, WEBRip 720p] MVO (FocusStudio)','http://rutracker.org/forum/viewtopic.php?t=5290659','2016-11-17 22:37:18',1,'http://i84.fastpic.ru/big/2016/0926/dc/f64eb1fcaec627dd9b11697faa83d0dc.jpg','magnet:?xt=urn:btih:0F3C936F67313223E5B42288B5193088B93AB641&tr=http%3A%2F%2Fbt.t-ru.org%2Fann%3Fmagnet',1),(16,'Флэш / The Flash / Сезон: 3 / Серии: 1-6 из 20 (Дэвид Наттер) [2016, США, Фантастика, боевик, драма, приключения, WEB-DL 1080p] DVO (Alternative Production) + Original + eng sub','http://rutracker.org/forum/viewtopic.php?t=5292332','2016-11-17 20:58:25',1,'http://i83.fastpic.ru/big/2016/1006/c3/81983cbcc829aaea5a1d64c6eff068c3.jpg','magnet:?xt=urn:btih:4991AC6AE4777FA134DA2414E55CAF2E74090A1F&tr=http%3A%2F%2Fbt2.t-ru.org%2Fann%3Fmagnet',1),(17,'Жизнь после / Последствия / Aftermath / Сезон: 1 / Серия: 1-8 из 13 (Стефан Плещински, Джейсон Стоун, Кааре Эндрюс) [2016, Канада, фантастика, HDTVRip 720p] MVO (Jaskier) + Original','http://rutracker.org/forum/viewtopic.php?t=5292722','2016-11-17 20:51:02',1,'http://i82.fastpic.ru/big/2016/1007/b2/94ca16be17d6d6cd87fc0f40583eccb2.png','magnet:?xt=urn:btih:BD46E3AF4C3F0EB90D72582DB1093809A923095D&tr=http%3A%2F%2Fbt4.t-ru.org%2Fann%3Fmagnet',1),(18,'Королевы Крика / Scream Queens / Сезон: 2 / Серии: 1-5 (13) (Райан Мёрфи, Брэд Фэлчак, Иэн Бреннан) [2016, США, хоррор-комедия, HDTVRip 720p] (Jetvis Studio)','http://rutracker.org/forum/viewtopic.php?t=5286039','2016-11-17 20:46:31',1,'http://i82.fastpic.ru/big/2016/0923/1b/a12862698b0482c58df08f3d4387011b.jpg','magnet:?xt=urn:btih:386B10441649185E9A0B71A671F518394242AB73&tr=http%3A%2F%2Fbt4.t-ru.org%2Fann%3Fmagnet',1),(19,'Морская полиция: Спецотдел / NCIS / Сезон 14 / Серии: 1-7 (24) / (Дональд П. Беллисарио, Дон МакГилл и др.) [2016, США, детектив, драма, HDTVRip 720p] (Jetvis Studio)','http://rutracker.org/forum/viewtopic.php?t=5285909','2016-11-17 20:43:35',1,'http://i82.fastpic.ru/big/2016/0922/a1/0e81b8a25f38721a4f0c6fe33209d9a1.jpg','magnet:?xt=urn:btih:D0172C4092BC7991BFD292ED1F5CD780C5EE5C42&tr=http%3A%2F%2Fbt2.t-ru.org%2Fann%3Fmagnet',1),(20,'Люцифер / Lucifer / Сезон: 2 / Серии: 1-8 (22) (Лен Уайзман) [2016, США, фэнтези, драма, HDTV 720p] (Jetvis Studio)','http://rutracker.org/forum/viewtopic.php?t=5285121','2016-11-17 20:41:55',1,'http://i83.fastpic.ru/big/2016/0921/60/4b443b4657715e43929d3c9b0453b960.jpg','magnet:?xt=urn:btih:7CB3EEBCB885BF6E2F022664245E8A8FA705BF27&tr=http%3A%2F%2Fbt3.t-ru.org%2Fann%3Fmagnet',1),(21,'Ходячие мертвецы / The Walking Dead / Сезон: 7 / Серии: 1-4 из 16 (Эрнест Р. Дикерсон, Грег Никотеро, Гай Ферленд) [2016, США, Ужасы, триллер, драма, WEBRip 1080p] 2xMVO (LostFilm | FOX HD) + Original + Subs (Rus, Eng)','http://rutracker.org/forum/viewtopic.php?t=5303301','2016-11-17 20:20:30',1,'http://i82.fastpic.ru/big/2016/1028/7b/4dd7de6333b5be9d7390c9e4078f3d7b.jpg','magnet:?xt=urn:btih:295B284C59D055638458FB8BBD58ACEFDA2D02D1&tr=http%3A%2F%2Fbt2.t-ru.org%2Fann%3Fmagnet',1),(22,'Готэм / Gotham / Сезон: 3 / Серии: 1-9 из 22 (Дэнни Кэннон, Т.Дж. Скотт, Дермотт Даунс.) [2016, США, триллер, драма, криминал, WEB-DL 720p] MVO (NewStudio) + Original','http://rutracker.org/forum/viewtopic.php?t=5285326','2016-11-17 19:04:13',1,'http://i85.fastpic.ru/big/2016/0921/cc/9de5bb5191f80a8d203606b6c2f549cc.png','magnet:?xt=urn:btih:420997272495ED31B053379474C00BFC21A95746&tr=http%3A%2F%2Fbt2.t-ru.org%2Fann%3Fmagnet',1),(23,'Свидетель / Eyewitness / Сезон: 1 / Серии: 1-5 из 10 (Кэтрин Хардвик, Роберт Либерман) [2016, США, драма, триллер, WEB-DL 1080p] MVO (Alternative Production) + Original','http://rutracker.org/forum/viewtopic.php?t=5298689','2016-11-17 18:45:03',1,'http://i84.fastpic.ru/big/2016/1018/2a/2a05ca1cc7b797f175162caf499e0b2a.jpg','magnet:?xt=urn:btih:E304322149BDCA5DBF3BFD0EEA476C3274649A0F&tr=http%3A%2F%2Fbt.t-ru.org%2Fann%3Fmagnet',1),(24,'Падающая вода / Поток сознания / Falling Water / Сезон: 1 / Серия: 1-5 из 13 (Джек Бендер, Гай Ферленд) [2016, США, драма, WEB-DL 1080p] MVO (Alternative Production) + Original','http://rutracker.org/forum/viewtopic.php?t=5287838','2016-11-17 18:38:22',1,'http://i82.fastpic.ru/big/2016/1002/f5/4f90334aa31cb92ab63020bda65d73f5.jpg','magnet:?xt=urn:btih:A97B59C26462D0FE2167853040289165ADB9F0D1&tr=http%3A%2F%2Fbt4.t-ru.org%2Fann%3Fmagnet',1),(25,'Американская история ужасов / American Horror Story / Сезон: 6 / Серии: 1-10 из 10 (Брэдли Букер, Майкл Аппендаль, Майкл Гои) [2016, США, Ужасы, фэнтези, триллер, драма, HDTVRip 720p] MVO (Amedia) + Original + Subs (Rus)','http://rutracker.org/forum/viewtopic.php?t=5282457','2016-11-17 18:20:57',1,'http://i78.fastpic.ru/big/2016/0915/f6/4640ee19850b7db54d95f7c8ec5d73f6.png','magnet:?xt=urn:btih:14A2EF04C1B0CB1A2DED9446945D1CB05EFEC067&tr=http%3A%2F%2Fbt4.t-ru.org%2Fann%3Fmagnet',1),(26,'Американская история ужасов / American Horror Story / Сезон: 6 / Серии: 1-10 из 10 (Брэдли Букер, Майкл Аппендаль, Альфонсо Гомез-Рейон, Майкл Леманн) [2016, США, Ужасы, фэнтези, триллер, драма, WEB-DL 1080p] MVO (Amedia) + Original + Subs (Eng)','http://rutracker.org/forum/viewtopic.php?t=5282520','2016-11-17 18:13:52',1,'http://i84.fastpic.ru/big/2016/0915/fd/8cf16c844ffa9640fc93838eec4dabfd.jpg','magnet:?xt=urn:btih:4E8F192A9275FA01607D3ED1048D7EF54D1EA5A1&tr=http%3A%2F%2Fbt4.t-ru.org%2Fann%3Fmagnet',1),(27,'Игра престолов / Game of Thrones / Сезон: 6 / Серии: 1-3 из 10 (Алан Тейлор, Алекс Грейвз, Даниэль Минахан) [2016, США, Великобритания, фэнтези, драма, приключения, Blu-ray disc 1080p] {1 Disc из 4-Disc Set} Dub + Original','http://rutracker.org/forum/viewtopic.php?t=5312633','2016-11-17 18:07:29',1,'http://i4.imageban.ru/out/2016/11/17/469e0d083b7c195cace775beabe3784b.jpg','magnet:?xt=urn:btih:0C8674AFDBF8B9855DE300B8E87139BD1BFDE9DB&tr=http%3A%2F%2Fbt2.t-ru.org%2Fann%3Fmagnet',1),(28,'Пропавший без вести / The Missing / Сезон: 2 / Серии: 1-6 из 8 (Том Шенклэнд, Бен Чанан) [2016, Великобритания, США, Бельгия, драма, детектив, HDTV 720p] Original + Subs (Rus, Eng)','http://rutracker.org/forum/viewtopic.php?t=5300064','2016-11-17 17:56:03',1,'http://i85.fastpic.ru/big/2016/1021/f2/ddd8c3a86e8410c834c71ba4d34f78f2.jpeg','magnet:?xt=urn:btih:8DDCDF4FADE556665840CD8D259F2F3832ABCE1C&tr=http%3A%2F%2Fbt4.t-ru.org%2Fann%3Fmagnet',1),(29,'Маньяк / Maniac / Сезон: 1 / Серии: 1-1 (10) (Хьетиль Индрегар) [2015, драма, комедия, WEB-DL 720p] VO (datynet) + Original + Rus Subs','http://rutracker.org/forum/viewtopic.php?t=5312671','2016-11-17 17:01:19',1,'http://i85.fastpic.ru/big/2016/1113/df/bc3eee843bf38bc4662a0be2ed8e9fdf.jpg','magnet:?xt=urn:btih:222ECB34047BBA7EA728A7D41B76E56B566B82E9&tr=http%3A%2F%2Fbt3.t-ru.org%2Fann%3Fmagnet',1),(30,'Земляне / People of Earth / Сезон: 1 / Серии: 1-4 из 12 (Грег Дэниелс, Дэвид Дженкинс) [2016, США, комедия, фантастика, HDTV 720p] MVO','http://rutracker.org/forum/viewtopic.php?t=5309186','2016-11-17 15:28:04',1,'http://i84.fastpic.ru/big/2016/1110/06/69605a7ff56a46a51f65843ba3899906.jpg','magnet:?xt=urn:btih:F5F07C27EDB2C1682FDF2D3529FC5A6DB9435793&tr=http%3A%2F%2Fbt.t-ru.org%2Fann%3Fmagnet',1),(31,'Граница / Frontier / Сезон: 1 / Серия: 1-2 из 6 (Брэд Пэйтон, Джон Ватчер, Келли Мэкин) [2016, Канада, Историческая драма, приключения, HDTVRip 720p] MVO (Jaskier) + Original','http://rutracker.org/forum/viewtopic.php?t=5308723','2016-11-17 13:25:25',1,'http://i84.fastpic.ru/big/2016/1109/f7/42f99e78706dd95118a520d3b9ef2af7.png','magnet:?xt=urn:btih:8DCA20924223575D806F4F724DCA739F08C2BCBD&tr=http%3A%2F%2Fbt.t-ru.org%2Fann%3Fmagnet',1),(32,'Оборотень / Волчонок / Teen Wolf / Сезон: 6 / Серии: 1 из 20 (Рассел Малкэй) [2015, США, триллер, драма, комедия, WEB-DL 1080p] DVO (Alternative Production) + Original','http://rutracker.org/forum/viewtopic.php?t=5312538','2016-11-17 11:48:41',1,'http://i84.fastpic.ru/big/2016/1117/8c/03279a03c30154643baa1ed821d5cd8c.jpg','magnet:?xt=urn:btih:F96D75497D964BC199595274ACF1A10DB6A1936B&tr=http%3A%2F%2Fbt2.t-ru.org%2Fann%3Fmagnet',1),(33,'Стрелок / Shooter / Сезон: 1 / Серии: 1 из 12 (Саймон Селлан Джоунс) [2016, США, боевик, драма, WEBRip 720p] MVO (OmskBird) + Original','http://rutracker.org/forum/viewtopic.php?t=5312472','2016-11-17 08:31:20',1,'http://i84.fastpic.ru/big/2016/1117/3e/6fa334c98a2d87d00a903f31b8254f3e.jpg','magnet:?xt=urn:btih:255A78F70C6FC8C4E650BF37638435F192D336D6&tr=http%3A%2F%2Fbt2.t-ru.org%2Fann%3Fmagnet',1),(34,'Молодой Папа / The Young Pope / Сезон: 1 / Серии: 1-8 из 13 (Паоло Соррентино / Paolo Sorrentino) [2016, Италия, Франция, Испания, Великобритания, США, драма, HDTVRip 720p] MVO (NewStudio) + Original + Subs (Rus, Eng)','http://rutracker.org/forum/viewtopic.php?t=5306833','2016-11-17 07:24:22',1,'http://i85.fastpic.ru/big/2016/1104/e5/362c04d5fb76a5a4c100e08779d23ee5.png','magnet:?xt=urn:btih:52B02FCC74928CDC0040C3F351463968619EAE3B&tr=http%3A%2F%2Fbt2.t-ru.org%2Fann%3Fmagnet',1),(35,'Вне времени / Timeless / Сезон: 1 / Серии: 1-6 из 13 (Чарльз Бисон, Нил Маршалл) [2016, США, Драма, научная фантастика, приключения, WEB-DL 720p] MVO (OmskBird) + Original','http://rutracker.org/forum/viewtopic.php?t=5292373','2016-11-17 04:51:39',1,'http://i83.fastpic.ru/big/2016/1006/0f/23060f1b9930775206b8cd3f06f5ca0f.jpg','magnet:?xt=urn:btih:4027365557123E43BE60399E0F2B90C05932665C&tr=http%3A%2F%2Fbt4.t-ru.org%2Fann%3Fmagnet',1),(36,'Сверхъестественное / Supernatural / Сезон: 7 / Серии: 1-3 из 23 (23) (Роберт Сингер, Филип Сгриккиа, Ким Мэннерс) [2011-2012, США, ужасы, триллер, фэнтези, драма, BDRip 1080p] Dub ([Кравец-Рекордз по заказу т/к Пятница]) + Original + Subs (Rus, Eng)','http://rutracker.org/forum/viewtopic.php?t=5312398','2016-11-17 04:33:15',1,'http://i84.fastpic.ru/big/2016/1117/4f/38aaf8b83244b0d2b1a8c274a810404f.jpg','magnet:?xt=urn:btih:4DCB6B25B004FF312CB9D64B520F16C06D4EF634&tr=http%3A%2F%2Fbt3.t-ru.org%2Fann%3Fmagnet',1),(37,'Сверхъестественное / Supernatural / Сезон: 7 / Серии: 1-23 из 23 (23) (Роберт Сингер, Филип Сгриккиа, Ким Мэннерс и др.) [2011-2012, США, Мистика, Ужасы, Триллер, Фэнтези, Драма, Детектив, BDRip 720p] Dub ([Кравец-Рекордз от т/к Пятница])','http://rutracker.org/forum/viewtopic.php?t=5308313','2016-11-17 02:30:41',1,'http://i83.fastpic.ru/big/2016/1108/f4/b83d794229ceb6162b9fc9fca56eeaf4.jpg','magnet:?xt=urn:btih:B3E99529FBD7F3CF7B9C3922ACE87EAF8FFCB338&tr=http%3A%2F%2Fbt2.t-ru.org%2Fann%3Fmagnet',1),(38,'Мистер Хутен и леди / Hooten and the Lady / Сезон: 1 / Серии: 1-8 из 8 (Джастин Молотников, Дэниэл О’Хара, Колин Тиг) [2016, Великобритания, драма, комедия, приключения, детектив, HDTVRip 1080p] MVO (Jaskier) + Original + Subs (Eng)','http://rutracker.org/forum/viewtopic.php?t=5312348','2016-11-16 22:16:45',1,'http://i84.fastpic.ru/big/2016/1117/86/49b28f9b9576bc6bdd5c9ac4c88ddd86.png','magnet:?xt=urn:btih:4E2E06A82E35D5899643085AC876A2062ABE5E53&tr=http%3A%2F%2Fbt4.t-ru.org%2Fann%3Fmagnet',1),(39,'Блант Говорит / Блант без обиняков / Blunt Talk / Сезон 2 / Серии 1-7 (10) (Тристрам Шапиро, Билл Д’Элиа) [2016, США, комедия, драма, WEB-DL 720p] MVO (AlexFilm)','http://rutracker.org/forum/viewtopic.php?t=5291820','2016-11-16 21:37:58',1,'http://i65.fastpic.ru/big/2015/0918/73/ff5fcebdf153c6cfcd91009bc30fdc73.png','magnet:?xt=urn:btih:554B47FFE07A22C1CEE2E2730D8603DD99684D6F&tr=http%3A%2F%2Fbt.t-ru.org%2Fann%3Fmagnet',1),(40,'Последний настоящий мужчина / Last Man Standing / Сезон: 6 / Серии: 1-7 (22) (Джон Пасквин) [2016, США, Комедия, HDTV 720p] (Jetvis Studio)','http://rutracker.org/forum/viewtopic.php?t=5288758','2016-11-16 20:39:57',1,'http://i82.fastpic.ru/big/2016/0928/c8/51df18f11ae89590f843e8b1978c0fc8.jpg','magnet:?xt=urn:btih:61E6CA834906F7271AAE5BA4DE88554EC760B7E9&tr=http%3A%2F%2Fbt2.t-ru.org%2Fann%3Fmagnet',1),(41,'Готэм / Gotham / Сезон: 3 / Серии: 1-9 (22) (Дэнни Кэннон) [2016, США, Триллер, драма, криминал, HDTVRip 720p] (Jetvis Studio)','http://rutracker.org/forum/viewtopic.php?t=5285001','2016-11-16 20:39:01',1,'http://i84.fastpic.ru/big/2016/0920/20/14b29f4f39d7e4471609e16a2cbbf620.jpg','magnet:?xt=urn:btih:8873BE46CAE11583704AD169FADBB94C5DCCAF5B&tr=http%3A%2F%2Fbt4.t-ru.org%2Fann%3Fmagnet',1),(42,'Готэм / Gotham / Сезон: 3 / Серии: 1-9 из 22 (Дэнни Кэннон, Т.Дж. Скотт, Дермотт Даунс.) [2016, США, триллер, драма, криминал, WEB-DL 720p] MVO (LostFilm) + Original + Sub Eng','http://rutracker.org/forum/viewtopic.php?t=5290079','2016-11-16 19:05:25',1,'http://i85.fastpic.ru/big/2016/0921/cc/9de5bb5191f80a8d203606b6c2f549cc.png','magnet:?xt=urn:btih:F1EE2DAB69D781DD23B8BF051A5E559180A566A2&tr=http%3A%2F%2Fbt3.t-ru.org%2Fann%3Fmagnet',1),(43,'Детективное агентство Дирка Джентли / Dirk Gently\'s Holistic Detective Agency / Сезон: 1 / Серия: 1-4 из 8 (Макс Лэндис) [2016, Великобритания, комедия, фантастика, WEB-DL 720] MVO (Jaskier) + Original','http://rutracker.org/forum/viewtopic.php?t=5306000','2016-11-16 17:25:30',1,'http://i82.fastpic.ru/big/2016/1103/9a/28c9c1f1445ad0d7c7a2e6ed00e49c9a.png','magnet:?xt=urn:btih:DEB6E2FADDF4D1486CB24FEF0501C3787494CDD0&tr=http%3A%2F%2Fbt4.t-ru.org%2Fann%3Fmagnet',1),(44,'Люцифер / Lucifer / Сезон 2 / Серии 1-8 (22) (Том Капинос) [2016, фэнтези, драма, HDTVrip 720p] MVO (OMSKBIRD)','http://rutracker.org/forum/viewtopic.php?t=5285460','2016-11-16 17:15:48',1,'http://i82.fastpic.ru/big/2016/0920/3d/b64e3621ceb5b446182caa8314fd8e3d.jpg','magnet:?xt=urn:btih:ABB13168A0D92C564E0E8617005EB13A010AF315&tr=http%3A%2F%2Fbt2.t-ru.org%2Fann%3Fmagnet',1),(45,'Ходячие мертвецы / The Walking Dead / Сезон: 7 / Серии: 1-4 из 16 (Эрнест Р. Дикерсон, Грег Никотеро, Гай Ферленд) [2016, США, Ужасы, триллер, драма, WEB-DL 1080p] MVO (LostFilm) + Original + Subs (Rus, Eng)','http://rutracker.org/forum/viewtopic.php?t=5302168','2016-11-16 17:07:02',1,'http://i85.fastpic.ru/big/2016/1025/52/7bda32db1f3faefdfe29b45cc364f752.png','magnet:?xt=urn:btih:6B4E210EC64124AF44534AB71BD508FC5D0C1F8A&tr=http%3A%2F%2Fbt3.t-ru.org%2Fann%3Fmagnet',1),(46,'Люцифер / Lucifer / Сезон: 2 / Серии: 1-8 из 22 (Лен Уайзман, Мэтт Эрл Бисли, Эгил Эгилссон) [2016, США, фэнтези, драма, WEB-DL 720p] MVO (Jaskier) + Original','http://rutracker.org/forum/viewtopic.php?t=5285202','2016-11-16 16:42:54',1,'http://i83.fastpic.ru/big/2016/0921/1a/0a835cabf7bc639e565efdb5d298761a.png','magnet:?xt=urn:btih:1C3B12061AAF11096955F6FD8A2D64C352707AFE&tr=http%3A%2F%2Fbt.t-ru.org%2Fann%3Fmagnet',1),(47,'Перемены / Better Things / Сезон: 1 / Серии 1-10 (10) (Лэнс Бэнгс, Луис С.К) [2016, США, комедия, WEBRip 1080p / WEB-DL 1080p] DVO (Ozz) + Subs (Rus, Eng)','http://rutracker.org/forum/viewtopic.php?t=5280264','2016-11-16 14:08:41',1,'http://i1.imageban.ru/out/2016/09/10/81cc54b223fa107701cec8e001f31c2f.jpg','magnet:?xt=urn:btih:F2EF27A7604E00E25F9EF4AD4313694BDA5CCF88&tr=http%3A%2F%2Fbt4.t-ru.org%2Fann%3Fmagnet',1),(48,'Радиоволна / Frequency / Сезон: 1 / Серии: 1-5 из 10 (Брэд Андерсон, Джон Т. Кречмер) [2016, США, детектив, научная фантастика, WEB-DL 1080p] MVO (Alternative Production) + Original','http://rutracker.org/forum/viewtopic.php?t=5292961','2016-11-16 13:06:32',1,'http://i84.fastpic.ru/big/2016/1007/6f/3d8be0f4626627923b8134566c4ddd6f.jpg','magnet:?xt=urn:btih:5DC8C73E9D49FED1755BEE50F62EFE922BAAECF1&tr=http%3A%2F%2Fbt2.t-ru.org%2Fann%3Fmagnet',1),(49,'Стрела / Arrow / Сезон: 5 / Серии: 1-6 из 23 (Джон Беринг, Гай Норман Би, Глен Винтер) [2016, США, фантастика, боевик, драма, криминал, WEB-DL 720p] MVO (BaibaKo) + Original','http://rutracker.org/forum/viewtopic.php?t=5293302','2016-11-16 11:25:45',1,'http://i83.fastpic.ru/big/2016/1031/9d/be04e0187a9eaf3c5acf71d7866e929d.jpg','magnet:?xt=urn:btih:E27DF50BC5547B973C5251BFEA37EB429798E52B&tr=http%3A%2F%2Fbt.t-ru.org%2Fann%3Fmagnet',1),(50,'Корона / The Crown / Сезон: 1 / Серии: 1-8 из 10 (Стивен Долдри/Stephen Daldry, Филипп Мартин/Philip Martin и др.) [2016, Великобритания, США, Драма, байопик, HDTVRip 720p] Original + Rus Sub (britishcrown)','http://rutracker.org/forum/viewtopic.php?t=5309325','2016-11-16 08:55:34',1,'http://i82.fastpic.ru/big/2016/1110/14/43ee051584c39f8a1c458a85ce51ce14.jpg','magnet:?xt=urn:btih:B2B047606497CF626D7D2A4DE16641BAD712471A&tr=http%3A%2F%2Fbt4.t-ru.org%2Fann%3Fmagnet',1),(51,'Shenzhen I/O [RePack] [ENG] (2016)','http://rutracker.org/forum/viewtopic.php?t=5312713','2016-11-17 18:40:47',2,'http://i85.fastpic.ru/big/2016/1007/9c/25ce6119b111587e420854b5b68bf79c.jpg','magnet:?xt=urn:btih:90F9865D8F866B1CB912BEEE5CFCDC448AD3A9C5&tr=http%3A%2F%2Fbt2.t-ru.org%2Fann%3Fmagnet',1),(52,'Renoir [P] [RUS / ENG / MULTI10] (2016)','http://rutracker.org/forum/viewtopic.php?t=5312301','2016-11-16 18:57:34',2,'http://i85.fastpic.ru/big/2016/1116/23/533d2601cb739bc7ef8ccb106d8cce23.png','magnet:?xt=urn:btih:19B57CB525FBBDBDBA1545497FAC11ECE4B51728&tr=http%3A%2F%2Fbt.t-ru.org%2Fann%3Fmagnet',1),(53,'Silence [L] [GOG] [RUS|ENG|Multi12 / ENG|Multi4] (2016) (1.0)','http://rutracker.org/forum/viewtopic.php?t=5311823','2016-11-15 19:26:04',2,'http://s020.radikal.ru/i703/1611/08/9c4b1b1c9d04.png','magnet:?xt=urn:btih:9FE6CB3C56A1273A40D68E1A0DC2A5BD7315A2E3&tr=http%3A%2F%2Fbt4.t-ru.org%2Fann%3Fmagnet',1),(54,'Call of Duty: Modern Warfare Remastered [Steam-Rip] [RUS / RUS] (2016) (1.5)','http://rutracker.org/forum/viewtopic.php?t=5306383','2016-11-15 14:30:04',2,'','magnet:?xt=urn:btih:EFC65B6F9A65B865A076E6D01E94D1DC4233DEE7&tr=http%3A%2F%2Fbt2.t-ru.org%2Fann%3Fmagnet',1),(55,'Silence [P] [ENG|RUS|Multi11 / ENG|DEU] (2016)','http://rutracker.org/forum/viewtopic.php?t=5311525','2016-11-14 18:56:17',2,'http://i85.fastpic.ru/big/2016/1114/4f/60dc8edaf9d231af168c56ef31438f4f.jpg','magnet:?xt=urn:btih:E511C1F19E88D26946989D4D0549F3C44D802C20&tr=http%3A%2F%2Fbt3.t-ru.org%2Fann%3Fmagnet',1),(56,'Yesterday Origins [L] [RUS|ENG|Multi8 / ENG|FRA] (2016) (1.0)','http://rutracker.org/forum/viewtopic.php?t=5309554','2016-11-10 19:59:49',2,'http://s017.radikal.ru/i407/1611/d0/8354005e7ca0.png','magnet:?xt=urn:btih:1FF525AD0253F4E372C15C6D9FCC44FEBB4500C0&tr=http%3A%2F%2Fbt.t-ru.org%2Fann%3Fmagnet',1),(57,'Tyranny - Overlord Edition [L] (GOG) [MULTI6 / ENG / RUS] (2016) (1.0.0.0008A)','http://rutracker.org/forum/viewtopic.php?t=5309450','2016-11-10 17:53:38',2,'http://s020.radikal.ru/i714/1611/78/e225a438dc8d.png','magnet:?xt=urn:btih:E1FCC21B2FCBEBC7CF026556B9E5B12E151ED297&tr=http%3A%2F%2Fbt3.t-ru.org%2Fann%3Fmagnet',1),(58,'Call of Duty: Infinite Warfare [P] [RUS / ENG / MULTi12] (2016) (6.0.1211685)','http://rutracker.org/forum/viewtopic.php?t=5305417','2016-11-10 16:34:24',2,'','magnet:?xt=urn:btih:0347E8EDD6AB450BB08F7B09D24EDD3B172FC5AF&tr=http%3A%2F%2Fbt4.t-ru.org%2Fann%3Fmagnet',1),(59,'Beholder [P] [RUS / ENG / MULTI5] (2016)','http://rutracker.org/forum/viewtopic.php?t=5309211','2016-11-10 06:07:02',2,'http://i82.fastpic.ru/big/2016/1110/e6/de179af0b3d596d16a09dfb404db96e6.jpg','magnet:?xt=urn:btih:6840F983AE33AC4C03704F0ED3E46A66CA0FC315&tr=http%3A%2F%2Fbt4.t-ru.org%2Fann%3Fmagnet',1),(60,'Planet Explorers [P] [ENG/CHI] (2016)','http://rutracker.org/forum/viewtopic.php?t=5308558','2016-11-08 15:42:30',2,'http://i3.imageban.ru/out/2016/11/08/8d603f147ec05ad7da7774ce6d2e4d10.jpg','magnet:?xt=urn:btih:0DD43C48FAD07699430C9097E52CDEE3ECCB6933&tr=http%3A%2F%2Fbt3.t-ru.org%2Fann%3Fmagnet',1),(61,'Call of Duty: Infinite Warfare - Digital Deluxe Edition [Repack] [RUS/ ENG] (2016) (6.0.1211685)','http://rutracker.org/forum/viewtopic.php?t=5306478','2016-11-08 14:27:20',2,'http://i2.imageban.ru/out/2016/11/04/dcfab99c85ec3d0040963ebaa72dfb4d.jpg','magnet:?xt=urn:btih:26069E9C70C5A95FB5880EBE3E92CC51BCA2A21E&tr=http%3A%2F%2Fbt3.t-ru.org%2Fann%3Fmagnet',1),(62,'Transport Fever [L] [GOG] [RUS / ENG / MULTI7] (2016) (1.0 build 11807)','http://rutracker.org/forum/viewtopic.php?t=5308514','2016-11-08 13:43:37',2,'http://i1.imageban.ru/out/2016/11/08/2271c1aecd4f43cd8c2100d236950cd4.png','magnet:?xt=urn:btih:0FEBB5CD0ADE1CA4DFC258B09FA4B0C7F1A65B50&tr=http%3A%2F%2Fbt2.t-ru.org%2Fann%3Fmagnet',1),(63,'Trillion: God of Destruction [P] [JAP/ ENG] (2016)','http://rutracker.org/forum/viewtopic.php?t=5308435','2016-11-08 09:15:44',2,'http://i1.imageban.ru/out/2016/11/08/802b57ac53d997ba1891a7f99f940539.png','magnet:?xt=urn:btih:981C8FF20184D4AAD289D60B94B9AAA5DAF52A40&tr=http%3A%2F%2Fbt.t-ru.org%2Fann%3Fmagnet',1),(64,'City Car Driving [Repack] [RUS/ENG/Multi6] (2016) (1.5.2)','http://rutracker.org/forum/viewtopic.php?t=5308115','2016-11-08 07:17:44',2,'http://i1.imageban.ru/out/2016/11/07/639263eea35c16b0cf11999519724988.jpg','magnet:?xt=urn:btih:729D81FF6416588337A5B1053155D651845C6A38&tr=http%3A%2F%2Fbt4.t-ru.org%2Fann%3Fmagnet',1),(65,'Dungeon Rats [L] [GOG] [ENG] (2016) (1.0.1)','http://rutracker.org/forum/viewtopic.php?t=5306659','2016-11-04 19:27:04',2,'http://i4.imageban.ru/out/2016/11/04/dde50b271e818d18657a34fbd3d54ab6.jpg','magnet:?xt=urn:btih:83401EB274084B5630BC031AE11D98D0A6865C2A&tr=http%3A%2F%2Fbt.t-ru.org%2Fann%3Fmagnet',1),(66,'City Car Driving [P] [RUS/ENG/Multi6] (2016) (1.5.2)','http://rutracker.org/forum/viewtopic.php?t=5306756','2016-11-04 18:04:34',2,'http://i3.imageban.ru/out/2016/11/04/17a1dcddeb756223c6c14cf4b9b8b4a8.jpg','magnet:?xt=urn:btih:9F2EFA14579073AC5C827A9A328D4773157B67BA&tr=http%3A%2F%2Fbt.t-ru.org%2Fann%3Fmagnet',1),(67,'Call of Duty: Modern Warfare Remastered [RePack] [RUS / RUS] (2016) (v1.0.0.1)','http://rutracker.org/forum/viewtopic.php?t=5306393','2016-11-04 05:57:41',2,'http://i84.fastpic.ru/big/2016/1104/db/3ff9066e9abf60135d0fc967378025db.png','magnet:?xt=urn:btih:07FE66073B71739376936598C63E3B649041B680&tr=http%3A%2F%2Fbt4.t-ru.org%2Fann%3Fmagnet',1),(68,'Call of Duty: Modern Warfare Remastered [P] [ENG / ENG] (2016) (1.4.81)','http://rutracker.org/forum/viewtopic.php?t=5305416','2016-11-04 05:17:12',2,'','magnet:?xt=urn:btih:D70809E822CC7F098BF05DADCD1DF86BD3DD2817&tr=http%3A%2F%2Fbt3.t-ru.org%2Fann%3Fmagnet',1),(69,'Call of Duty: Infinite Warfare Digital Legacy Edition [Steam-Rip] [RUS / RUS] (2016)','http://rutracker.org/forum/viewtopic.php?t=5306382','2016-11-04 05:14:30',2,'','magnet:?xt=urn:btih:439AF8CEDAFB3C786AACDAA08E5245B67354C1AA&tr=http%3A%2F%2Fbt4.t-ru.org%2Fann%3Fmagnet',1),(70,'Owlboy [L] [GOG] [ENG/ENG] (2016)','http://rutracker.org/forum/viewtopic.php?t=5305311','2016-11-01 17:36:47',2,'http://i3.imageban.ru/out/2016/11/01/e7628002c53d13dd3fa5423b5d3d237e.png','magnet:?xt=urn:btih:A52D3B9CC1ED19A6C7AD04F133BD8112472754EE&tr=http%3A%2F%2Fbt2.t-ru.org%2Fann%3Fmagnet',1),(71,'Farming Simulator 17 [RePack] [RUS / ENG] (2016) (1.2.1.0 + 2 DLC)','http://rutracker.org/forum/viewtopic.php?t=5301883','2016-10-28 15:58:12',2,'http://i2.imageban.ru/out/2016/10/25/a5b7607d221fb4c2483b99fb9bf5894a.jpg','magnet:?xt=urn:btih:D944F9772F013D893A45972178FEF502DB3379F3&tr=http%3A%2F%2Fbt3.t-ru.org%2Fann%3Fmagnet',1),(72,'The Elder Scrolls V: Skyrim Special Edition [Steam-Rip] [RUS / ENG / MULTI2] (2016) (1.1.47.0.8)','http://rutracker.org/forum/viewtopic.php?t=5303177','2016-10-28 09:07:09',2,'http://i1.imageban.ru/out/2016/10/28/a5d16cfede6bb8f11c0379a6462cde03.jpg','magnet:?xt=urn:btih:935775C7278911E5DECD1AED150D6814828FBF07&tr=http%3A%2F%2Fbt3.t-ru.org%2Fann%3Fmagnet',1),(73,'Carmageddon: Max Damage [P] [RUS / ENG / MULTI6] (2016)','http://rutracker.org/forum/viewtopic.php?t=5302996','2016-10-27 19:43:22',2,'http://i2.imageban.ru/out/2016/10/27/3e78ef22b3dc3f2f8bc9b65989b41f0e.jpg','magnet:?xt=urn:btih:479A813F0BBEBA8EA479BD15FBA318F3C4BE1088&tr=http%3A%2F%2Fbt2.t-ru.org%2Fann%3Fmagnet',1),(74,'Sid Meier’s Civilization® VI - Deluxe Edition [L] [RUS / ENG / MULTI12] (2016) (1.0.0.26/dlc)','http://rutracker.org/forum/viewtopic.php?t=5299633','2016-10-21 07:44:06',2,'','magnet:?xt=urn:btih:6CE3E02545EBDB1219B3BAFAE3A5A95EB37FD612&tr=http%3A%2F%2Fbt4.t-ru.org%2Fann%3Fmagnet',1),(75,'Sid Meier\'s Civilization VI - Deluxe Edition[Repack] [RUS/ ENG] (2016) (1.0.0.26 + 2 DLC)','http://rutracker.org/forum/viewtopic.php?t=5299684','2016-10-21 05:50:48',2,'http://i1.imageban.ru/out/2016/10/20/d5127d5e1b31b8b9b0498a23b3816f05.jpg','magnet:?xt=urn:btih:3138EC5F356CD6F984FA01DF8AAD62C1C731F0E9&tr=http%3A%2F%2Fbt3.t-ru.org%2Fann%3Fmagnet',1),(76,'Crazy Machines 3 [L] [RUS/ ENG/Multi11] (2016)','http://rutracker.org/forum/viewtopic.php?t=5298713','2016-10-18 16:59:23',2,NULL,NULL,0);

/*Table structure for table `users` */

DROP TABLE IF EXISTS `users`;

CREATE TABLE `users` (
  `id` int(11) NOT NULL AUTO_INCREMENT,
  `name` varchar(255) NOT NULL,
  `login` varchar(255) NOT NULL,
  `password_hash` varchar(255) NOT NULL,
  PRIMARY KEY (`id`)
) ENGINE=InnoDB AUTO_INCREMENT=3 DEFAULT CHARSET=utf8;

/*Data for the table `users` */

insert  into `users`(`id`,`name`,`login`,`password_hash`) values (1,'admin','admin','$2y$13$qDsek4TSiRHT/EN4J8D2eub0.Vx35xle3ZZ9UOXWrbFdfoZCi98HW'),(2,'Вася1','vasya','$2y$13$lvgKqjbLjI3e7Hlsu/4m7OANz4bcNFAWNy5MzF5fhtPjhvCzJKl1.');

/*!40101 SET SQL_MODE=@OLD_SQL_MODE */;
/*!40014 SET FOREIGN_KEY_CHECKS=@OLD_FOREIGN_KEY_CHECKS */;
/*!40014 SET UNIQUE_CHECKS=@OLD_UNIQUE_CHECKS */;
/*!40111 SET SQL_NOTES=@OLD_SQL_NOTES */;
